Month;#Commits
2008-11;24
2008-12;15
2009-01;0
2009-02;0
2009-03;0
2009-04;0
2009-05;0
2009-06;0
2009-07;0
2009-08;0
2009-09;0
2009-10;0
2009-11;0
2009-12;0
2010-01;0
2010-02;0
2010-03;0
2010-04;0
2010-05;0
2010-06;0
2010-07;0
2010-08;0
2010-09;0
2010-10;0
2010-11;0
2010-12;0
2011-01;0
2011-02;0
2011-03;0
2011-04;0
2011-05;0
2011-06;0
2011-07;0
2011-08;0
2011-09;0
2011-10;0
2011-11;0
2011-12;0
2012-01;0
2012-02;0
2012-03;0
2012-04;0
2012-05;0
2012-06;0
2012-07;0
2012-08;0
2012-09;0
2012-10;0
2012-11;0
2012-12;0
2013-01;0
2013-02;0
2013-03;0
2013-04;0
2013-05;0
2013-06;0
2013-07;0
2013-08;0
2013-09;0
2013-10;0
2013-11;0
2013-12;0
2014-01;0
2014-02;0
2014-03;0
2014-04;0
2014-05;0
2014-06;0
2014-07;0
2014-08;0
2014-09;0
2014-10;0
2014-11;0
2014-12;0
2015-01;0
2015-02;0
2015-03;0
2015-04;0
2015-05;0
2015-06;0
2015-07;0
2015-08;0
2015-09;0
2015-10;0
2015-11;0
2015-12;0
2016-01;0
2016-02;0
2016-03;0
2016-04;0
2016-05;0
2016-06;0
2016-07;0
2016-08;0
2016-09;0
2016-10;0
2016-11;0
2016-12;3
2017-01;0
2017-02;0
2017-03;0
2017-04;0
2017-05;0
2017-06;0
2017-07;0
2017-08;0
2017-09;3
2017-10;0
2017-11;0
2017-12;0
2018-01;8
2018-02;8
2018-03;11
2018-04;3
2018-05;1
2018-06;0
2018-07;1
2018-08;2
2018-09;0
2018-10;1
2018-11;0
2018-12;0
2019-01;5
2019-02;2
2019-03;2
2019-04;0
2019-05;0
2019-06;0
2019-07;3
2019-08;0
2019-09;18
2019-10;2
2019-11;0
2019-12;1
2020-01;7
2020-02;0
2020-03;0
2020-04;4
2020-05;0
2020-06;14
2020-07;0
2020-08;0
2020-09;2
2020-10;16
2020-11;18
2020-12;4
2021-01;0
2021-02;17
2021-03;17
2021-04;29
2021-05;20
2021-06;1
2021-07;0
2021-08;0
2021-09;4
2021-10;4
2021-11;18
2021-12;12
2022-01;0
2022-02;0
2022-03;0
2022-04;0
2022-05;0
2022-06;5
2022-07;0
2022-08;0
2022-09;0
2022-10;0
2022-11;23
2022-12;0
2023-01;0
2023-02;0
2023-03;0
2023-04;0
2023-05;34
2023-06;8
2023-07;0
2023-08;0
2023-09;0
2023-10;0
2023-11;10
2023-12;4
2024-01;9
2024-02;0
2024-03;0
2024-04;8
2024-05;2
2024-06;6
2024-07;1
2024-08;0
2024-09;0
2024-10;0
2024-11;13
2024-12;3
2025-01;3
2025-02;6
2025-03;0
2025-04;0
2025-05;4
2025-06;12
2025-07;2
2025-08;0
2025-09;0
2025-10;3
2025-11;0
2025-12;0
2026-01;18
2026-02;2
2026-03;1
2026-04;2
