Project;ncommits;nauthors;from;to;nstars;nforks;lastGHCommitDate;LongestGapStart (YYYY-MM);LongestGapEnd (YYYY-MM);LongestGapLength (months);NumCommitsAfterLastGap;ActivityPattern;NumberOfGapsInTimeline;BeforeThemes;AfterThemes;HypothesizedGapReason;HasRecovered;WhyRecovered;WhoRecovered;Currentstatus;RecentThemes;Notes
arviz-devs_arviz;9492;395;1438170670;1761135327;1800;501;2026-09-09;2017-04;2018-02;11;9456;declining;3;Feature development:Bug fixes;Other:Feature development;Pre-history as a side project: the repo was still 'mcmcplotlib', a standalone copy of PyMC3's plotting and diagnostics code (README in 2017: 'Python package to plot MCMC samples ... Looking for a volunteer to register package on pypi/conda'). The last pre-gap commit (2017-03-18) is 'update to pymc3's plots stats and diagnostics'. With no release or users and the real plotting code living inside PyMC3, work on the copy stopped.;Yes;Decision to make it a backend-independent library: 2018-03-06 'begin pymc3-independence process', tests and traceplot added the next day, README renamed to ArviZ on 2018-03-23 (PR #34), first release 0.1.0 in 2018-09.;Restarted by the same person, Osvaldo Martin (aloctavodia), with returning Ari Hartikainen. Growth came from new people: Agustina Arroyuelo (from 2018-04), Colin Carroll (2018-05), Ravin Kumar (2018-08), Oriol Abril (2018-11). 320 distinct authors after the gap vs 7 before.;Active;Documentation updates:Automated bot contributions;"The 11-month gap is the project's pre-history as 'mcmcplotlib', not abandonment; the March 2018 relaunch as ArviZ by its original author, quickly joined by many new contributors, ended it. Activity peaked around 2020 and has declined since as the library matured, but it is still Active with frequent releases (v1.0.0 in 2026)."
clindatsci_dicomweb-python-client;518;39;1521487507;1757491841;129;42;2026-08-17;2024-11;2025-03;5;48;U-shaped;3;Dependency updates:Bug fixes;Feature development:Dependency updates;Post-release lull in a mature library: October 2024 work modernized packaging ('Move to pyproject.toml, add support for 3.11, 3.12, 3.13') and shipped v0.59.2/v0.59.3 ('Version bump for release', 2024-10-22). The maintainers (Chris Bridge, Steve Pieper) work on it on demand, and nothing was requested November 2024 to March 2025.;Yes;"Downstream users needed features: developers from openradx, who use the client in their ADIT project (PR #108 discussion), added optional query parameters to the search/retrieve/store/delete methods (issue #105, PR #108, merged 2025-05-13) and modern tooling; maintainers released v0.60.0 on 2025-05-24.";Mostly new contributors: Sumantra Sharma (19 commits), Kai Schlamp (9), Jaya Krishnan S R (6), Lachlan Newman (1). The returning maintainers Chris Bridge and Steve Pieper reviewed, merged and released.;Active;Bug fixes:Feature development;The 5-month gap is one of three short lulls since late 2023 as the client moved into maintenance mode. Activity recovered in 2025 because external users (openradx/ADIT) contributed features, not because of new maintainer effort. The repo now lives at ImagingDataCommons/dicomweb-client and is Active (bug-fix PRs through 2026-08).
peal_vole;595;7;1395418492;1757678214;8;2;2026-07-01;2014-04;2019-10;67;594;irregular;6;Documentation updates;Feature development:Other;"Not real inactivity. The only commit before the gap is 'Squash of all gh-pages history up to 2021-07-30' by Max Horn on the gh-pages (website) branch; its author date, 2014-03-21, is most likely inherited from the GAP package-website template (a commit squashing history 'up to 2021-07-30' cannot date from 2014). Real development began with Chris Jefferson's 'Initial commit' on 2019-11-14.";N/A (artifact gap);Nothing to recover from: the gap ends when the project was created (2019-11). The longest real gap (2023-12 to 2024-07, 8 months) ended on 2024-08-27 when Chris Jefferson bundled BacktrackKit/GraphBacktracking and updated dependencies, leading to release v0.6.0 (2025-01).;Creator Chris Jefferson (plus 'Christopher Jefferson'), joined by Wilf Wilson (278 commits) and Giacomo Fenzi. Max Horn only maintains the website template.;Active;Feature development:Other;The 67-month 'longest gap' is a timestamp artifact of a squashed gh-pages commit, not abandonment. Real activity is one big 2021 burst (424 commits, v0.5.x) followed by quieter bursts with 3–8 month lulls. Chris Jefferson is still developing it and the project is Active.
nbara_python-meegkit;479;45;1227075592;1775048948;227;57;2026-08-21;2009-01;2016-11;95;440;irregular;9;Bug fixes:Other;Other:Bug fixes;Not real inactivity. The 39 commits from 2008 are Pedro Alcocer's earlier Python port of the NoiseTools denoising methods (TSPCA, SNS, DSS: 'DSS works!', 2008-12-22), imported with their history. The README says meegkit 'builds on an initial python implementation by Pedro Alcocer'. Nicolas Barascud started meegkit on top of it in December 2016.;N/A (artifact gap);The gap ends when nbara created the project ('Create README.md', 2016-12-15) and later refactored the old code ('Refactor code': python 2->3, Travis, setup.py, 2017-09-08).;A different person: Nicolas Barascud (nbara, ~290 commits), later 30+ contributors (e.g., Stefan Appelhoff, Roy Eric). Pedro Alcocer never committed after 2008.;Active;Bug fixes:Automated bot contributions;"The 95-month gap is imported pre-history, not abandonment; the longest real gap is 8 months (2017-01 to 2017-08). Since 2018 the project shows irregular bursts around releases (v0.1.x to v0.2.0 in 2026) and it is Active."
flyaflya_causact;457;21;1524067862;1757705466;47;12;2025-09-12;2022-09;2023-06;10;85;irregular;6;Documentation updates:Release;Feature development:Documentation updates;Natural pause after a milestone: the July–August 2022 commits finish the JOSS paper (Figure 3 fixes, citation fix, 'Add JOSS badge to readme') and v0.4.3 was tagged for the Zenodo/JOSS archive on 2022-08-01. With the paper published and v0.4.2 on CRAN, the single maintainer stopped.;Yes;"Problems with the greta (TensorFlow) backend: from 2023-07-31 the commits move inference to numpyro ('got numpyro and install issues working', 'exchanging greta for numpyro in examples'). NEWS for 0.5.2 (on CRAN 2023-08-19): 'Switched inference to Python's numpyro; dag_greta() is now deprecated'.";"Same maintainer, Adam Fleischhacker (commits as 'Adam Fleischhacker' and 'flyaflya'); no new contributors after the gap.";Active;Release:Bug fixes;"Single-maintainer package whose activity comes in milestone bursts; the 10-month gap followed the JOSS publication and ended with the switch from greta to numpyro. Since then it gets patch releases when Python dependencies (JAX, numpyro, ArviZ) break, the latest being 0.6.0 (2025-09). Active by the README rule; no commits since 2025-09-12."
geolytix_xyz;15306;65;1512569316;1762277501;132;44;2026-10-02;N/A;N/A;0;N/A;rising;0;N/A;N/A;N/A active Project;N/A;N/A;N/A;Active;Bug fixes:Release;No month without commits between 2017-12 and 2025-11 (15,306 WoC commits, 65 authors), so there is no gap to interpret. Activity is rising, from 756 commits in 2022 to over 3,500 in 2025, with near-weekly releases by the GEOLYTIX team (v5.0 in 2026). Active.
genouest_biomaj-download;505;19;1472208351;1750133502;1;7;2025-05-20;2022-12;2024-03;16;48;declining;5;Bug fixes:Dependency updates;Dependency updates:Bug fixes;The lead developer stopped: Olivier Sallou wrote 186 of the 505 commits, including 8 of the 10 before the gap and the last one (2022-11-17, 'fix direct handler for plugin usage', after release 3.2.9). Nobody else was committing, so the mature downloader went 16 months without changes.;Yes (maintenance level only);Dependency breakage, not new features: PR #43 'fix requirement' (setup.py, requirements.txt, 2024-04-19), PR #45 'pin protobuf dep', and PR #44 'remove dependency on old Mock', followed by release 3.2.12 (2024-08-22).;"New people: Remy Siminel, mboudet, Alexandre Detiste and Anthony Bretaudeau (who merged PR #43); Brice Raffestin returned in 2025. Olivier Sallou did not return.";Active;Bug fixes:Feature development;The 16-month gap starts when the main developer's commits end and closes with dependency fixes by other people. The project has been in low-level maintenance since 2021, and the last commit was a bug-fix merge on 2025-05-20. Active by the README rule (commit after 2025-04-01), but barely.
pressio_pressio;4282;52;1525121445;1757514162;50;7;2025-09-10;2021-05;2021-05;1;1663;declining;0;Bug fixes:Other;Other:Feature development;"Short post-release pause, not abandonment: v0.10.0 was tagged 2021-04-29 right after 'cmake: update version' and a burst of CI, test and website clean-up; May 2021 had no commits before the next development cycle began.";Yes;Next development cycle: website update (2021-06-22), API refactors ('extent is a free function #297', 'refactor for #298') and a code-wide clang-format pass (#116), leading to v0.11.0 (2021-10).;"Same lead developer, Francesco Rizzi, plus new contributors: Mikołaj Zuzek (formatting #116; 345 commits after the gap), Cezary Skrzyński, Caleb Schilly, Marcin Wróbel.";Active;Other:Bug fixes;Never really inactive: the longest gap is one month and there are no 3-month gaps. Volume peaked in 2019–2020 (~1,000 commits/year) and declined to ~200/year by 2024–2025 as the library matured. Active (v0.17.0, 2025-09).
kkondo1981_aglm;366;6;1546232994;1746979099;17;5;2025-05-12;2022-09;2025-04;32;12;declining;6;Feature development:Bug fixes;Bug fixes:Release;Feature-complete single-maintainer R package: the last feature work (multinomial support) was in 2021-07, CRAN 0.4.0 had been out since 2021-06-09, and the last fix was 2022-01 ('Small fixes and reran all demos on the new environment'). Nothing needed changing until CRAN checks flagged problems.;Yes (one short burst);CRAN maintenance: on 2025-05-11/12 PRs #67–#69 'Fix cran 202505' ('ignore missing package anchors NOTEs in CRAN build', 'Added an import directive to avoid NOTEs in check()', new cran-comments.md). Version 0.4.1 was published on CRAN on 2025-05-12, then the repo went quiet again.;Same person: Kenji Kondo wrote all 12 post-gap commits.;Active;Bug fixes:Release;"32-month gap in a finished package, ended only by a two-day burst to keep it passing CRAN checks (0.4.1, May 2025). There has been no commit since 2025-05-12. Active only by the 2025-09-30 rule; by now it is effectively dormant."
winvector_vtreat;1081;6;1407432287;1736461287;284;45;2025-01-09;2022-02;2023-07;18;10;declining;5;Documentation updates:Release;Documentation updates:Release;Maintenance mode: vtreat is mature ('CRAN release' 1.6.3 on 2021-06-11) and the pre-gap commits only edit example articles in extras/ (variable-selection notes, link fixes). Effort had already dropped to 6 commits in 2021 and 1 in 2022.;No (only sporadic upkeep);"Brief CRAN upkeep, not a revival: 2023-08-19 'rebuild and recheck' (1.6.4); 2024-06-12 'work on thinning package' (1.6.5, dropped the isotone and lme4 dependencies); documentation examples in January 2025. No commits since 2025-01-09.";The same two original authors: John Mount (7 commits) and Nina Zumel (3).;Inactive;Documentation updates:Release;"Very active 2015–2020, then a long decline into maintenance mode with five gaps of 3+ months; the 18-month gap was only interrupted by CRAN rebuilds and examples. Inactive: last commit 2025-01-09, before the 2025-04-01 cutoff."
